﻿<?xml version="1.0" encoding="UTF-8" standalone="yes"?>
<addon id="plugin.video.IronMaiden.Music"    name="Iron Maiden Music"  version="1.0.0"
	provider-name="Sphinxroot">
  <requires>
    <import addon="xbmc.python" version="2.25.0"/>
    <import addon="plugin.video.youtube" version="6.0.0"/>
  </requires>
  <extension point="xbmc.python.pluginsource" library="default.py">
    <provides>video</provides>
  </extension>
  <extension point="xbmc.addon.metadata">
    <summary lang="en">Iron Maiden Music</summary>
    <description lang="en"> Iron Maiden Music videos from YouTube</description>
    <platform>all</platform>
  </extension>
</addon>
