<?xml version="1.0" encoding="UTF-8" standalone="yes"?>
<addon id="plugin.video.c64-longplays" name="The C64" version="0.1.1" provider-name="dagwieer / Modded by Sphinxroot">
<requires>
<import addon="xbmc.python" version="2.25.0"/>
</requires>
  <extension point="xbmc.python.pluginsource"
            library="addon.py">
      <provides>video</provides>
</extension>
  <extension point="xbmc.addon.metadata">
    <platform>all</platform>
    <summary lang="en">The C64 Gamevideoarchive from http://www.c64-longplays.de/</summary>
    <description lang="en">... presents a cross section of the most popular and obscure games for the C64 sorted by year of release all of which superseed the videos of THE ORIGINAL SERIES. Any questions concerning the archive are most likey answered in the FAQ. If you want more info on a game before downloading the video just click on the lemon to go the the game's detail page over at Lemon 64. If you want to contribute please check out which game videos are still wanted or have been submitted already.</description>
<website>http://www.c64-longplays.de/</website>
 <assets>
    <icon>icon.png</icon>
	<fanart>fanart.jpg</fanart>
    <screenshot>resources/1.png</screenshot>
    <screenshot>resources/2.png</screenshot>
    <screenshot>resources/3.png</screenshot>
	<screenshot>resources/4.png</screenshot>
</assets>
</extension>
</addon>

