﻿<?xml version="1.0" encoding="UTF-8" standalone="yes"?>
<addon id="script.audio.radiox.com" name="Radiox.com/RNC Media"
       version="1.0.0" 
       provider-name="Sphinxroot (https://github.com/Sphinxroot)">
  <requires>
    <import addon="xbmc.python" version="2.25.0"/>
  </requires>
  <extension point="xbmc.python.script"
            library="default.py">
        <provides>audio</provides>
  </extension>
  <extension point="xbmc.addon.metadata">
    <platform>all</platform>
    <summary lang="en">RadioX.com</summary>
    <description lang="en">RadioX.com</description>
  </extension>
</addon>
