﻿<?xml version="1.0" encoding="UTF-8" standalone="yes"?>
<addon id="plugin.video.THATISIMPOSSIBLE"    name="THAT IS IMPOSSIBLE"  version="1.0.0"
	provider-name="Sphinxroot">
  <requires>
    <import addon="xbmc.python" version="2.25.0"/>
    <import addon="plugin.video.youtube"/>
  </requires>
  <extension point="xbmc.python.pluginsource" library="default.py">
    <provides>video</provides>
  </extension>
  <extension point="xbmc.addon.metadata">
    <summary lang="en">THAT IS IMPOSSIBLE</summary>
    <description lang="en"> THAT IS IMPOSSIBLE</description>
    <platform>all</platform>
  </extension>
</addon>
