<?xml version="1.0" encoding="UTF-8" standalone="yes"?>
<addon id="plugin.video.SpinninRec.Music"    name="Spinnin' Records Music"  version="1.0.0"
	provider-name="Sphinxroot">
  <requires>
    <import addon="xbmc.python" version="2.25.0"/>
    <import addon="plugin.video.youtube" version="3.0.0"/>
  </requires>
  <extension point="xbmc.python.pluginsource" library="default.py">
    <provides>video</provides>
  </extension>
  <extension point="xbmc.addon.metadata">
    <summary lang="en">Spinnin' Records Music</summary>
    <description lang="en"> Spinnin' Records Music videos from YouTube</description>
    <platform>all</platform>
  </extension>
</addon>
