﻿<?xml version="1.0" encoding="UTF-8" standalone="yes"?>
<addon id="script.audio.lavibe.fm" name="LA NOUVELLE VIBE DE QUÉBEC! "
       version="1.0.0" provider-name="Sphinxroot(https://github.com/Sphinxroot)">
  <requires>
    <import addon="xbmc.python" version="2.25.0"/>
  </requires>
  <extension point="xbmc.python.script"
            library="default.py">
        <provides>audio</provides>
  </extension>
  <extension point="xbmc.addon.metadata">
    <platform>all</platform>
    <summary lang="en">LA NOUVELLE VIBE DE QUÉBEC! 100.9</summary>
    <description lang="en">LA NOUVELLE VIBE DE QUÉBEC! 100.9</description>
  </extension>
</addon>
